<?xml version="1.0" encoding="UTF-8"?>
<site>
   <description name="CARiSMA Update Site" url="https://rgse.uni-koblenz.de/carisma/updatesite">
      Update site for CARiSMA
   </description>
   <feature url="features/feature.carisma.bpmn2.checks_1.0.0.201707131425.jar" id="feature.carisma.bpmn2.checks" version="1.0.0.201707131425">
      <category name="carisma"/>
   </feature>
   <feature url="features/feature.carisma.uml2.checks_1.0.9.201707131425.jar" id="feature.carisma.uml2.checks" version="1.0.9.201707131425">
      <category name="carisma"/>
   </feature>
   <feature url="features/feature.carisma.vision_1.0.0.201707131425.jar" id="feature.carisma.vision" version="1.0.0.201707131425">
      <category name="carisma.projects"/>
   </feature>
   <feature url="features/feature.carisma.profile.umlsec.enc_1.0.0.201707131425.jar" id="feature.carisma.profile.umlsec.enc" version="1.0.0.201707131425">
      <category name="carisma.research"/>
   </feature>
   <category-def name="carisma" label="CARiSMA Main Features"/>
   <category-def name="carisma.projects" label="CARiSMA Project Specific Features"/>
   <category-def name="carisma.research" label="CARiSMA Experimental Features"/>
</site>
